VBISX,ST Bond Index
VFSTX,ST Investment Grade
VBMFX,Total Bond Market Index
VFICX,IT Investment Grade
VWEHX,High Yield Corporate
VBLTX,LT Bond Index
VWAHX,High Yield Tax Exempt
VWESX,LT Investment Grade
VEIPX,Equity Income
VHDYX,High Dividend Yield Index
VIVAX,Value Index
VDIGX,Dividend Growth
VQNPX,Growth and Income
VLACX,Large Cap Index
VTSMX,Total Stock Market Index
VGEQX,Growth Equity
VIGRX,Growth Index
VMVIX,Mid Cap Value Index
VIMSX,Mid Cap Index
VHCOX,Capital Opportunity
VMGRX,Mid Cap Growth
VMGIX,Mid Cap Growth Index
VISVX,Small Cap Value Index
NAESX,Small Cap Index
VISGX,Small Cap Growth Index
VGPMX,Precious Metals and Mining
VGSIX,REIT Index
VEIEX,Emerging Markets Stock Index
VFWIX,FTSE All World ex-US Index
VFSVX,FTSE All World ex-US Small Cap Index
VWIGX,International Growth
VTRIX,International Value
VPACX,Pacific Stock Index
VGTSX,Total International Stock Index